Delivery ID,Customer priority,Distance (km),Stops,Items,Planned time (min),Actual time (min),Fuel cost ($)
D-0001,VIP,23.1,5,35,79,68,10.69
D-0002,Standard,32.5,9,35,111,118,13.1
D-0003,Standard,16.0,4,22,57,62,7.69
D-0004,Low,47.6,13,72,160,165,17.54
D-0005,Standard,37.0,3,17,88,101,15.57
D-0006,VIP,27.2,5,33,89,87,11.95
D-0007,Standard,27.1,2,8,75,82,11.75
D-0008,Standard,33.2,6,36,98,102,13.84
D-0009,Standard,27.5,4,19,79,76,12.91
D-0010,Standard,27.8,6,42,86,91,11.98
D-0011,Low,38.0,6,37,95,98,15.21
D-0012,Standard,35.6,9,71,123,137,14.55
D-0013,Standard,29.4,8,35,96,100,13.22
D-0014,Low,29.2,5,16,83,94,12.03
D-0015,Low,31.6,4,25,84,83,13.7
D-0016,Standard,24.5,10,42,111,115,11.23
D-0017,Standard,26.3,8,34,99,90,11.38
D-0018,Standard,35.9,12,92,142,157,14.83
D-0019,Standard,28.7,3,11,78,72,11.89
D-0020,Low,19.1,3,18,56,64,9.5
D-0021,Low,25.6,2,8,57,60,11.2
D-0022,Standard,37.3,7,41,112,112,14.5
D-0023,Standard,27.8,8,27,103,113,12.56
D-0024,VIP,28.6,5,36,86,92,12.24
D-0025,Standard,37.1,9,60,124,114,14.7
D-0026,VIP,54.8,7,40,128,142,19.5
D-0027,VIP,23.7,6,38,82,98,10.47
D-0028,Standard,46.8,8,62,138,128,18.68
D-0029,Standard,20.0,2,6,52,56,9.27
D-0030,VIP,31.8,5,29,92,106,12.76
D-0031,Standard,20.4,7,27,81,84,9.74
D-0032,Standard,46.9,9,33,142,130,17.89
D-0033,Standard,39.5,11,70,138,146,17.38
D-0034,Standard,43.7,10,40,133,148,15.76
D-0035,Standard,22.4,6,20,90,89,10.38
D-0036,VIP,37.6,8,58,103,91,16.25
D-0037,Standard,25.3,5,23,75,69,10.99
D-0038,Standard,25.8,2,10,67,64,10.54
D-0039,Standard,35.5,11,85,126,141,14.2
D-0040,Standard,40.1,7,50,108,108,15.05
D-0041,Standard,32.1,13,54,131,135,12.93
D-0042,Standard,24.4,7,42,88,95,10.95
D-0043,Low,22.8,9,54,101,92,9.93
D-0044,Standard,48.3,13,98,156,161,19.79
D-0045,Standard,36.5,5,35,99,101,15.46
D-0046,Standard,38.0,7,37,113,119,15.89
D-0047,VIP,61.7,9,69,162,169,22.33
D-0048,VIP,22.9,4,21,65,66,10.03
D-0049,Standard,69.8,11,51,185,187,24.34
D-0050,VIP,84.9,18,93,242,254,29.61
D-0051,Standard,51.2,9,37,142,142,19.98
D-0052,Standard,39.4,10,55,132,153,16.14
D-0053,Standard,24.1,7,44,99,113,11.49
D-0054,Standard,41.7,7,25,122,133,15.03
D-0055,Low,25.9,10,80,115,119,12.15
D-0056,Standard,29.8,4,12,88,91,13.36
D-0057,Low,27.3,5,21,78,87,11.54
D-0058,Low,32.9,7,22,100,106,13.68
D-0059,Standard,45.9,11,88,147,146,18.44
D-0060,Standard,25.0,4,27,79,85,11.23
D-0061,Standard,21.7,3,12,66,71,10.24
D-0062,VIP,21.5,3,16,64,69,10.63
D-0063,Standard,21.8,2,12,65,64,9.97
D-0064,Low,18.7,9,68,97,95,9.03
D-0065,Standard,22.2,3,12,64,64,9.1
D-0066,Standard,46.0,7,40,121,119,17.64
D-0067,Standard,24.7,5,28,84,81,10.48
D-0068,VIP,32.7,6,29,92,102,11.9
D-0069,Standard,20.1,5,29,75,77,10.12
D-0070,Standard,31.7,4,30,87,90,13.65
D-0071,Standard,16.9,4,26,63,66,8.0
D-0072,Standard,23.8,5,28,84,76,10.39
D-0073,Standard,63.1,11,44,182,198,24.12
D-0074,Low,24.7,3,12,63,65,10.08
D-0075,VIP,43.4,6,35,116,113,16.04
D-0076,Standard,34.9,6,33,97,99,14.24
D-0077,Standard,28.5,3,22,75,83,11.95
D-0078,Low,24.2,5,31,77,80,10.99
D-0079,Standard,45.9,5,23,108,124,17.21
D-0080,Standard,28.3,6,42,89,102,13.51
D-0081,Low,49.7,13,62,168,195,18.14
D-0082,Standard,23.7,5,27,79,86,10.04
D-0083,Standard,30.6,6,24,93,102,13.2
D-0084,Standard,35.0,5,25,101,94,15.25
D-0085,Standard,33.9,5,17,99,101,13.05
D-0086,Standard,20.0,4,31,67,75,9.23
D-0087,Low,24.1,3,14,59,64,10.96
D-0088,Standard,28.1,2,10,54,48,12.74
D-0089,Standard,22.6,6,34,80,83,10.36
D-0090,VIP,37.5,4,16,96,97,15.57
D-0091,Standard,36.4,9,49,115,123,13.52
D-0092,Standard,15.7,4,32,66,67,7.61
D-0093,Standard,16.5,5,29,62,64,8.05
D-0094,Low,19.7,4,21,73,77,9.26
D-0095,Standard,31.2,7,24,107,111,12.76
D-0096,Standard,58.7,17,67,206,221,22.24
D-0097,Standard,26.4,6,20,84,81,11.26
D-0098,Standard,32.6,4,18,93,98,12.89
D-0099,Standard,21.1,6,30,79,85,10.05
D-0100,Standard,21.2,3,20,61,59,10.42
D-0101,Standard,15.7,4,30,60,63,8.14
D-0102,Standard,29.7,7,37,92,104,12.24
D-0103,Standard,41.0,8,43,125,134,15.66
D-0104,Low,26.7,5,19,88,94,11.52
D-0105,VIP,47.6,6,46,124,120,18.73
D-0106,Standard,32.0,5,24,89,102,12.62
D-0107,Standard,29.6,9,37,107,105,12.32
D-0108,Standard,35.6,5,19,93,98,14.55
D-0109,Standard,35.2,6,39,109,110,14.4
D-0110,VIP,43.8,6,34,119,123,16.69
D-0111,Standard,23.0,5,21,76,87,10.53
D-0112,Standard,14.1,3,18,49,54,7.48
D-0113,Standard,31.2,6,25,89,97,12.33
D-0114,Standard,24.5,5,37,77,85,11.1
D-0115,Standard,29.7,4,15,78,90,12.93
D-0116,Standard,52.0,9,47,151,133,20.53
D-0117,Low,20.8,5,35,65,61,10.07
D-0118,Standard,38.6,7,28,112,117,15.7
D-0119,Standard,41.0,9,65,136,127,15.78
D-0120,Standard,34.9,6,43,101,112,14.19
D-0121,VIP,43.4,3,14,94,96,17.08
D-0122,Standard,25.8,5,25,72,77,11.22
D-0123,Standard,24.0,3,13,71,76,11.04
D-0124,Standard,42.3,8,35,123,133,15.67
D-0125,Standard,38.0,5,27,95,104,15.75
D-0126,Standard,47.5,13,68,166,163,18.29
D-0127,Standard,32.2,8,30,108,106,13.19
D-0128,Low,51.3,14,100,166,172,18.92
D-0129,Standard,27.3,3,20,73,77,11.01
D-0130,Standard,21.1,3,13,67,68,9.55
D-0131,Standard,15.3,4,27,56,54,7.91
D-0132,Standard,20.9,3,10,71,67,10.07
D-0133,Standard,39.3,7,24,108,114,15.19
D-0134,Standard,18.5,4,25,74,90,9.61
D-0135,Standard,25.8,6,40,85,97,11.08
D-0136,Standard,60.1,5,24,143,150,21.37
D-0137,VIP,39.7,8,47,121,242,15.03
D-0138,Standard,54.2,12,85,165,161,19.07
D-0139,Low,21.6,6,36,76,76,9.94
D-0140,VIP,13.3,3,24,48,49,7.21
D-0141,Standard,49.5,9,28,133,142,19.63
D-0142,Standard,18.8,5,34,67,78,9.1
D-0143,Low,30.9,9,46,119,117,13.02
D-0144,Standard,32.2,4,20,81,87,13.27
D-0145,Standard,21.9,5,33,81,97,9.87
D-0146,VIP,50.1,6,47,123,111,20.64
D-0147,Standard,50.0,8,35,136,147,19.51
D-0148,Standard,36.0,8,27,115,119,14.34
D-0149,Standard,29.7,6,43,89,97,12.69
D-0150,Standard,32.0,6,25,101,94,12.67
D-0151,Standard,20.9,6,29,77,88,10.09
D-0152,VIP,27.7,6,26,86,87,10.94
D-0153,Standard,29.0,4,13,86,94,12.68
D-0154,Low,22.6,2,7,56,60,10.14
D-0155,Standard,39.7,13,44,144,146,16.86
D-0156,Standard,18.7,6,18,74,83,9.13
D-0157,Standard,25.8,3,11,72,67,11.64
D-0158,Standard,14.3,1,6,38,34,7.24
D-0159,Standard,35.3,7,38,108,107,13.89
D-0160,Standard,38.3,14,44,157,152,15.64
D-0161,Standard,36.8,8,58,120,119,14.54
D-0162,Low,78.6,11,86,204,223,28.16
D-0163,VIP,40.9,4,30,104,107,17.99
D-0164,Standard,22.0,6,26,83,88,9.59
D-0165,Low,72.3,16,71,213,227,24.82
D-0166,Standard,22.1,4,24,69,77,9.82
D-0167,Standard,38.9,6,40,101,108,15.12
D-0168,Standard,38.3,10,62,127,130,15.41
D-0169,Standard,22.4,3,14,68,67,9.93
D-0170,Standard,47.5,13,99,162,156,18.24
D-0171,Standard,33.7,2,13,72,77,13.35
D-0172,VIP,36.2,9,59,121,130,14.44
D-0173,Standard,24.0,2,10,55,52,11.14
D-0174,Standard,46.1,11,46,152,147,17.44
D-0175,Standard,22.6,5,33,76,85,9.85
D-0176,Standard,16.7,3,10,64,65,8.63
D-0177,Standard,48.0,13,56,157,167,18.12
D-0178,Standard,26.1,3,9,65,64,11.5
D-0179,Standard,30.4,8,28,103,106,12.67
D-0180,Standard,56.6,11,81,164,152,21.36
D-0181,Standard,43.7,9,65,132,153,16.75
D-0182,Standard,37.0,7,27,109,94,14.82
D-0183,Standard,42.7,10,42,142,158,16.89
D-0184,VIP,23.6,4,19,75,70,10.23
D-0185,Standard,38.5,5,16,93,97,17.14
D-0186,Low,43.3,10,44,137,148,16.17
D-0187,Standard,38.5,11,34,128,123,15.85
D-0188,Standard,28.0,3,13,81,83,12.1
D-0189,VIP,8.7,4,16,46,46,5.75
D-0190,Standard,36.1,7,52,111,117,14.42
D-0191,Standard,31.2,6,25,93,94,13.54
D-0192,Standard,26.6,3,13,68,61,12.31
D-0193,Standard,38.8,5,28,92,100,14.43
D-0194,Standard,32.7,8,47,108,124,14.94
D-0195,Standard,32.1,5,28,89,104,13.65
D-0196,VIP,18.4,2,10,53,61,8.6
D-0197,Standard,18.5,1,4,52,55,9.43
D-0198,Standard,33.9,10,40,130,135,14.43
D-0199,Standard,30.8,7,42,113,116,12.6
D-0200,Low,31.4,4,27,74,83,14.51
D-0201,Standard,31.7,3,13,88,88,13.13
D-0202,Standard,34.4,11,86,132,124,14.61
D-0203,Standard,30.4,8,64,109,107,12.57
D-0204,Low,31.6,10,33,118,125,12.61
D-0205,Standard,32.6,7,36,103,110,14.1
D-0206,Standard,40.8,3,24,95,106,16.59
D-0207,Standard,25.3,7,36,94,95,12.45
D-0208,Standard,38.9,11,77,132,137,16.69
D-0209,Standard,37.0,5,20,94,103,15.24
D-0210,Standard,31.1,5,22,84,89,13.6
D-0211,Standard,25.6,9,60,102,107,11.91
D-0212,Standard,33.9,5,24,87,89,14.23
D-0213,Standard,39.9,6,30,104,114,16.25
D-0214,Standard,21.0,2,8,61,54,9.35
D-0215,Standard,30.6,7,22,104,111,12.62
D-0216,VIP,30.6,4,26,80,91,12.53
D-0217,Standard,24.1,5,27,74,76,11.06
D-0218,Standard,24.5,3,12,59,64,10.42
D-0219,Standard,18.0,3,23,56,57,8.53
D-0220,Low,20.8,6,19,70,77,10.06
D-0221,Standard,18.1,6,41,78,81,9.37
D-0222,Standard,24.5,6,30,85,92,10.58
D-0223,VIP,24.9,6,46,81,84,10.95
D-0224,Standard,25.1,8,56,90,99,11.33
D-0225,Standard,33.9,9,32,113,125,13.96
D-0226,Standard,28.2,8,63,107,110,12.56
D-0227,Low,23.6,6,27,87,85,10.99
D-0228,Standard,23.6,3,9,66,65,10.0
D-0229,Standard,20.7,2,7,57,53,9.13
D-0230,Standard,28.1,7,37,98,98,12.33
D-0231,Standard,28.0,6,39,93,98,12.98
D-0232,Standard,51.3,11,55,148,149,19.85
D-0233,Standard,49.8,6,33,123,141,17.64
D-0234,Standard,48.9,9,35,138,139,17.85
D-0235,Low,59.6,14,105,188,197,22.25
D-0236,Standard,20.1,2,10,52,57,9.6
D-0237,Standard,37.5,4,18,91,94,15.19
D-0238,Standard,38.6,10,61,131,144,16.28
D-0239,VIP,35.1,7,40,110,128,14.36
D-0240,Low,60.5,12,55,171,185,21.03
D-0241,VIP,69.3,13,52,197,192,26.13
D-0242,Standard,41.4,7,40,115,126,14.59
D-0243,Low,37.2,7,41,106,108,14.03
D-0244,Standard,20.7,2,15,56,54,8.98
D-0245,Standard,20.7,4,16,64,73,9.02
D-0246,VIP,37.8,12,57,136,144,17.08
D-0247,Low,29.3,5,30,94,93,12.49
D-0248,Standard,19.3,4,23,67,73,8.54
D-0249,Low,28.8,3,15,69,72,12.84
D-0250,Standard,33.8,8,60,115,113,13.71
D-0251,Low,40.9,7,23,117,127,16.19
D-0252,Standard,29.0,5,23,88,90,12.98
D-0253,Low,27.4,4,26,78,81,11.32
D-0254,Standard,30.1,6,25,87,103,12.6
D-0255,Standard,31.8,3,23,71,76,12.6
D-0256,Low,20.4,6,26,79,83,9.48
D-0257,Standard,39.5,9,30,118,125,15.98
D-0258,Standard,61.8,12,48,174,182,22.65
D-0259,Standard,39.2,5,34,92,98,15.44
D-0260,Standard,18.6,2,16,49,51,8.9
D-0261,Low,31.0,6,47,95,105,12.53
D-0262,Low,16.8,4,28,60,68,8.22
D-0263,Standard,16.4,3,17,57,59,8.2
D-0264,Low,37.3,9,44,122,114,14.58
D-0265,Low,30.8,6,24,97,95,12.65
D-0266,Standard,23.9,4,21,73,77,10.44
D-0267,Standard,15.1,4,22,62,67,8.08
D-0268,Low,19.7,5,16,70,68,9.54
D-0269,Standard,31.6,7,30,105,116,12.69
D-0270,Low,30.3,6,47,93,92,13.21
D-0271,Standard,37.7,8,38,118,104,15.75
D-0272,Standard,49.6,6,21,122,126,18.96
D-0273,Standard,26.8,7,23,93,100,11.91
D-0274,Standard,35.0,6,38,103,100,13.42
D-0275,Standard,28.7,5,19,77,73,11.35
D-0276,Standard,25.5,3,17,63,64,11.11
D-0277,Standard,27.7,6,48,81,80,12.33
D-0278,VIP,41.2,7,48,119,132,17.29
D-0279,Standard,21.4,1,7,48,52,10.03
D-0280,VIP,43.7,8,63,128,138,16.42
D-0281,VIP,48.8,7,28,136,129,17.4
D-0282,Standard,30.4,4,18,85,82,13.07
D-0283,Standard,32.6,8,53,98,95,13.36
D-0284,Low,18.8,4,29,59,69,9.2
D-0285,Standard,65.4,14,84,199,215,24.11
D-0286,Standard,41.4,5,24,104,106,15.89
D-0287,VIP,31.8,5,26,95,99,12.01
D-0288,Standard,30.6,4,26,91,88,11.78
D-0289,Standard,34.8,7,54,102,105,13.95
D-0290,Standard,24.2,5,18,90,99,10.27
D-0291,Standard,32.9,10,78,121,127,13.37
D-0292,Standard,22.1,5,18,75,76,10.2
D-0293,Standard,35.4,9,35,123,141,14.71
D-0294,Standard,24.0,2,10,78,77,9.93
D-0295,Standard,40.3,8,30,121,120,15.68
D-0296,Standard,28.8,6,35,100,97,12.28
D-0297,Standard,32.8,10,51,127,150,14.62
D-0298,Standard,79.7,11,48,198,208,27.98
D-0299,Standard,39.1,11,80,139,135,13.84
D-0300,Standard,32.8,8,40,105,110,12.53
D-0301,Standard,30.4,5,35,86,90,13.53
D-0302,Standard,21.3,3,13,55,59,9.24
D-0303,Low,42.9,9,61,135,158,16.97
D-0304,Standard,50.9,7,23,125,143,18.84
D-0305,Standard,30.6,5,31,88,82,12.25
D-0306,Standard,52.2,11,72,148,172,18.82
D-0307,Standard,28.9,6,30,87,94,12.72
D-0308,Standard,16.7,3,22,47,54,7.97
D-0309,Standard,24.2,4,25,72,81,11.68
D-0310,Standard,21.2,3,14,58,59,9.17
D-0311,Standard,27.4,4,28,76,80,12.03
D-0312,Standard,36.9,10,48,133,151,15.14
D-0313,Standard,22.1,4,18,76,78,9.84
D-0314,Standard,29.2,7,35,89,89,11.57
D-0315,Standard,32.0,7,48,95,107,14.0
D-0316,Standard,23.6,7,47,92,93,10.57
D-0317,Standard,22.2,6,35,83,88,9.65
D-0318,VIP,30.9,6,47,97,107,13.44
D-0319,Standard,40.0,12,75,147,163,15.09
D-0320,Low,24.6,8,40,102,105,10.95
D-0321,Low,23.4,5,35,79,81,9.97
D-0322,Standard,28.6,5,31,87,91,13.0
D-0323,Standard,33.0,4,28,85,90,13.04
D-0324,Standard,25.1,9,57,98,98,12.01
D-0325,Standard,26.9,5,37,83,81,11.52
D-0326,Standard,27.8,4,31,81,84,11.55
D-0327,Standard,21.0,3,24,56,54,9.08
D-0328,Low,28.3,5,34,94,98,12.28
D-0329,Standard,24.9,7,52,97,92,11.13
D-0330,Standard,50.6,13,58,157,170,19.84
D-0331,Low,25.3,9,64,106,102,11.21
D-0332,Standard,34.9,3,23,80,92,14.07
D-0333,Low,34.0,3,16,89,94,12.55
D-0334,Standard,20.7,5,19,78,88,9.51
D-0335,Standard,19.9,6,25,83,88,9.65
D-0336,Standard,25.9,7,37,94,95,12.09
D-0337,Standard,37.3,3,11,89,98,15.5
D-0338,Standard,24.8,4,27,78,82,11.2
D-0339,Standard,24.2,3,13,60,69,10.67
D-0340,Standard,11.5,3,10,48,45,6.58
D-0341,Standard,26.3,6,32,87,94,9.96
D-0342,VIP,33.3,6,29,98,104,14.2
D-0343,Standard,34.7,5,16,99,118,14.51
D-0344,Low,34.6,9,48,116,117,14.24
D-0345,Standard,26.9,11,45,112,113,11.43
D-0346,Standard,27.8,5,18,77,83,12.32
D-0347,Low,39.5,9,31,129,147,15.85
D-0348,VIP,28.7,2,12,61,67,11.84
D-0349,VIP,14.0,1,7,36,40,7.38
D-0350,Standard,42.0,11,41,143,135,16.39
D-0351,Standard,21.0,5,33,69,72,9.67
D-0352,Standard,47.2,12,75,145,144,16.35
D-0353,Standard,52.5,11,63,156,149,19.97
D-0354,Standard,38.6,6,34,107,119,15.01
D-0355,Low,40.4,10,65,126,126,16.66
D-0356,Low,55.4,11,45,164,168,23.1
D-0357,Standard,20.9,4,18,61,61,8.73
D-0358,Standard,32.6,6,33,88,101,14.07
D-0359,Standard,32.5,3,20,82,93,13.08
D-0360,Standard,21.8,6,25,82,91,9.65
D-0361,Standard,58.3,11,44,166,199,20.76
D-0362,Standard,24.8,5,28,72,83,11.04
D-0363,VIP,23.6,3,15,55,65,10.75
D-0364,Standard,32.8,4,31,84,77,15.08
D-0365,Standard,42.2,7,38,114,123,16.02
D-0366,Standard,24.6,5,33,74,65,10.42
D-0367,Standard,24.6,5,17,78,84,9.97
D-0368,Standard,35.4,3,13,87,87,13.75
D-0369,VIP,18.7,7,56,76,79,9.03
D-0370,Standard,23.2,2,14,59,64,9.43
D-0371,VIP,22.8,4,28,69,61,9.8
D-0372,VIP,26.0,8,29,110,116,11.23
D-0373,Standard,28.6,4,28,76,82,11.53
D-0374,Standard,55.1,12,61,162,177,21.71
D-0375,VIP,40.5,8,26,121,128,15.85
D-0376,Standard,30.2,7,35,113,110,12.66
D-0377,Low,27.9,8,51,96,112,11.59
D-0378,Standard,40.0,4,21,92,96,15.15
D-0379,VIP,34.6,6,35,99,106,15.02
D-0380,Standard,40.3,8,62,115,138,15.61
D-0381,Standard,47.3,14,49,171,161,16.79
D-0382,Low,21.5,3,17,57,57,9.77
D-0383,Low,14.3,1,4,40,44,7.67
D-0384,Standard,29.8,6,40,92,97,13.26
D-0385,Standard,30.8,6,29,99,102,13.62
D-0386,Low,33.0,3,22,86,96,14.16
D-0387,Standard,24.6,2,12,63,61,11.1
D-0388,Standard,27.8,5,29,80,82,11.86
D-0389,Standard,36.1,7,54,109,114,14.02
D-0390,Low,36.7,6,40,101,98,15.93
D-0391,Low,46.5,10,40,143,153,17.7
D-0392,Standard,14.7,3,22,50,53,7.94
D-0393,Standard,17.4,3,13,56,50,8.89
D-0394,Standard,48.6,13,70,160,175,17.31
D-0395,Standard,36.7,6,25,104,100,15.09
D-0396,Standard,39.0,5,24,111,118,14.97
D-0397,VIP,27.3,6,23,97,101,11.0
D-0398,Low,25.7,3,19,67,65,10.8
D-0399,Standard,32.0,3,24,79,79,13.37
D-0400,Standard,22.0,8,56,85,81,10.69
D-0401,Standard,18.1,2,8,55,60,8.93
D-0402,VIP,20.8,2,12,60,66,9.95
D-0403,Standard,31.2,5,28,81,89,12.87
D-0404,Low,37.0,7,28,103,105,14.61
D-0405,Standard,51.7,11,72,149,139,18.46
D-0406,Standard,33.9,10,75,122,124,13.15
D-0407,Standard,35.1,11,37,126,123,13.92
D-0408,Low,52.4,9,61,148,165,19.52
D-0409,Standard,23.2,6,30,85,87,9.45
D-0410,Standard,21.9,5,23,68,64,9.64
D-0411,Low,25.1,7,56,87,93,10.47
D-0412,Standard,29.1,5,23,84,81,13.08
D-0413,Standard,58.5,13,73,176,181,21.41
D-0414,Standard,26.7,4,24,81,92,12.12
D-0415,Standard,46.2,9,64,138,158,17.93
D-0416,Standard,25.7,7,34,101,105,10.7
D-0417,Low,35.3,6,42,90,87,14.86
D-0418,Standard,37.6,9,37,136,139,13.31
D-0419,Low,35.8,9,71,123,130,14.77
D-0420,Low,38.4,8,44,117,129,15.4
D-0421,Standard,23.9,6,23,79,78,11.19
D-0422,Standard,48.5,8,64,137,155,43.35
D-0423,Standard,41.5,9,63,136,137,15.08
D-0424,Low,23.8,3,18,69,70,10.03
D-0425,Low,35.4,7,45,112,112,13.25
D-0426,Standard,21.1,1,7,50,50,9.55
D-0427,Standard,31.0,6,20,93,110,12.57
D-0428,VIP,20.4,3,22,57,64,9.54
D-0429,Standard,38.0,8,26,108,110,15.89
D-0430,Standard,79.8,18,58,239,263,27.96
D-0431,Low,48.7,11,33,157,156,18.52
D-0432,Standard,38.2,5,40,109,101,14.03
D-0433,Standard,22.3,5,18,76,82,10.55
D-0434,Low,34.0,8,34,103,128,13.93
D-0435,Standard,44.3,8,41,125,129,17.15
D-0436,Standard,29.1,6,34,94,97,12.83
D-0437,Standard,31.3,9,62,121,114,12.98
D-0438,Standard,17.2,5,32,69,66,8.81
D-0439,Standard,22.6,7,49,94,98,10.27
D-0440,Low,16.3,5,38,70,73,8.67
D-0441,Standard,56.4,13,50,177,181,20.01
D-0442,Standard,35.1,9,67,121,124,14.69
D-0443,Standard,38.1,12,64,143,149,14.48
D-0444,Standard,28.1,2,12,65,69,12.05
D-0445,Standard,18.5,5,16,70,77,8.72
D-0446,Standard,31.8,10,51,117,130,13.13
D-0447,Standard,24.3,5,36,82,89,10.56
D-0448,Standard,21.8,4,20,62,60,10.25
D-0449,VIP,30.6,7,37,96,88,13.53
D-0450,VIP,31.1,3,24,81,92,13.71
D-0451,Standard,28.3,6,46,86,94,12.78
D-0452,VIP,23.2,6,20,85,92,10.14
D-0453,Standard,21.7,6,29,79,77,9.94
D-0454,Standard,30.1,5,18,80,89,11.7
D-0455,Standard,44.9,7,25,122,129,17.06
D-0456,Standard,17.7,4,15,69,74,8.16
D-0457,Standard,24.2,6,42,83,83,10.78
D-0458,Standard,28.4,5,33,89,90,12.19
D-0459,Standard,28.5,3,13,77,80,11.92
D-0460,VIP,24.7,6,22,78,86,11.14
D-0461,Standard,56.7,9,41,155,179,21.31
D-0462,Low,34.2,11,55,127,128,13.65
D-0463,Low,21.7,5,23,80,87,9.14
D-0464,Standard,16.1,5,21,65,70,8.15
D-0465,Standard,28.3,4,32,82,96,12.3
D-0466,Standard,48.9,17,68,203,206,17.99
D-0467,Standard,32.0,6,21,94,107,13.87
D-0468,VIP,14.0,4,26,51,53,7.09
D-0469,Standard,19.0,4,14,65,73,9.28
D-0470,Standard,31.2,6,22,99,104,13.18
D-0471,Standard,42.7,7,28,126,143,15.7
D-0472,Standard,31.4,2,12,79,80,13.52
D-0473,Standard,31.5,7,25,100,115,13.82
D-0474,Standard,42.7,5,28,104,103,18.5
D-0475,Standard,45.4,9,48,128,145,17.4
D-0476,Standard,24.0,3,16,62,60,10.73
D-0477,Standard,34.7,11,33,130,145,13.17
D-0478,Standard,21.9,5,26,81,77,9.86
D-0479,VIP,21.0,7,46,93,96,9.9
D-0480,Standard,36.4,5,39,92,104,14.93
D-0481,Standard,18.8,5,17,67,72,7.92
D-0482,Low,31.7,6,37,96,89,11.92
D-0483,Standard,33.3,4,24,88,95,15.24
D-0484,Standard,39.9,5,38,105,121,16.55
D-0485,Standard,20.5,4,25,60,67,9.63
D-0486,Standard,34.0,11,63,123,124,14.14
D-0487,Standard,28.8,4,18,84,89,11.74
D-0488,Standard,49.0,11,57,158,183,19.12
D-0489,Low,23.5,5,35,74,85,9.84
D-0490,Standard,20.8,2,8,56,52,9.23
D-0491,Standard,35.4,7,54,111,125,14.85
D-0492,Standard,22.6,7,38,90,82,10.03
D-0493,Standard,19.6,2,10,49,46,9.88
D-0494,Standard,40.5,12,94,146,153,14.9
D-0495,Standard,34.6,10,71,118,115,13.76
D-0496,Low,10.7,2,7,43,49,6.16
D-0497,Standard,22.1,4,21,68,72,10.61
D-0498,Low,20.8,9,27,94,90,9.85
D-0499,Standard,37.1,7,54,110,122,15.89
D-0500,Standard,48.8,12,55,154,142,17.05
D-0501,Standard,59.2,11,81,161,175,22.01
D-0502,Low,37.9,6,36,108,118,14.84
D-0503,Standard,20.9,3,16,58,62,9.48
D-0504,Standard,20.7,6,40,86,109,10.01
D-0505,Low,21.9,1,4,56,57,9.74
D-0506,Low,35.3,9,66,123,117,14.56
D-0507,Standard,45.5,8,38,121,133,18.23
D-0508,Standard,15.9,3,16,57,57,8.48
D-0509,Low,36.7,15,104,153,156,13.31
D-0510,Standard,40.7,6,32,114,107,15.58
D-0511,Low,33.3,4,27,81,82,13.29
D-0512,Standard,85.0,17,133,240,248,29.89
D-0513,Standard,35.8,4,23,93,86,14.68
D-0514,Low,30.3,5,18,85,95,12.55
D-0515,Standard,36.7,8,36,113,109,15.48
D-0516,Low,25.1,8,54,98,101,11.63
D-0517,Standard,20.9,6,38,79,84,9.26
D-0518,Standard,34.5,3,11,83,90,14.13
D-0519,Standard,43.9,9,46,133,159,18.23
D-0520,Low,27.8,2,9,59,60,10.93
D-0521,Low,40.7,8,39,133,143,14.71
D-0522,Standard,26.5,11,55,124,134,10.87
D-0523,Low,51.4,7,53,134,145,19.49
D-0524,Standard,32.2,11,47,123,107,12.29
D-0525,Standard,35.8,5,24,101,106,13.86
D-0526,Standard,38.6,6,24,104,108,15.81
D-0527,Low,19.2,5,28,71,70,9.01
D-0528,Standard,28.3,5,38,83,88,11.72
D-0529,Standard,55.1,9,48,150,164,21.73
D-0530,Standard,30.4,8,26,114,121,11.8
D-0531,Standard,47.7,9,56,136,147,17.97
D-0532,Standard,40.2,9,32,133,137,16.58
D-0533,Standard,16.4,5,22,69,66,8.0
D-0534,Standard,37.9,8,25,113,134,16.06
D-0535,VIP,20.9,3,13,73,72,8.86
D-0536,Low,32.7,4,14,89,94,14.01
D-0537,Standard,26.2,5,38,74,79,11.0
D-0538,Low,30.2,5,26,86,83,12.82
D-0539,Standard,29.3,6,41,88,92,13.09
D-0540,Standard,32.5,9,47,111,119,14.03
D-0541,Standard,25.9,6,32,83,88,11.12
D-0542,Standard,19.2,3,18,59,62,9.21
D-0543,Standard,21.5,3,17,63,69,9.88
D-0544,Standard,40.6,5,16,107,101,15.03
D-0545,Standard,53.0,11,68,158,173,21.54
D-0546,Standard,32.4,10,36,121,135,11.97
D-0547,Standard,39.6,4,19,103,107,15.6
D-0548,Low,41.4,12,88,143,139,16.87
D-0549,Standard,19.1,11,54,109,105,8.84
D-0550,Standard,16.2,4,30,66,69,8.24
D-0551,Low,29.5,7,28,104,103,12.18
D-0552,Low,16.1,3,20,51,58,8.12
D-0553,Low,27.4,8,41,99,94,11.8
D-0554,Standard,18.4,6,48,75,77,9.22
D-0555,Standard,24.4,5,39,82,78,11.7
D-0556,Low,23.4,3,13,71,78,9.89
D-0557,Standard,35.6,16,54,161,181,14.62
D-0558,Standard,24.2,5,29,86,93,11.24
D-0559,Standard,20.5,7,30,88,97,9.33
D-0560,Standard,30.5,5,26,84,91,13.5
D-0561,Standard,79.9,20,117,257,269,23.07
D-0562,Low,35.3,9,49,110,118,15.08
D-0563,Standard,15.8,3,15,53,56,8.01
D-0564,VIP,30.9,8,39,97,102,12.67
D-0565,Standard,70.1,12,57,190,195,25.29
D-0566,Low,31.7,6,44,101,114,13.88
D-0567,Standard,45.8,10,80,144,143,17.26
D-0568,Standard,43.3,12,59,138,149,15.72
D-0569,Standard,44.4,5,31,110,134,15.79
D-0570,Standard,42.4,4,23,103,92,15.94
D-0571,Standard,32.9,5,27,96,108,13.24
D-0572,Standard,28.2,5,28,88,86,11.44
D-0573,Standard,27.4,5,22,87,98,12.01
D-0574,Standard,31.2,7,32,94,83,12.55
D-0575,Standard,34.5,3,17,82,89,14.08
D-0576,Standard,19.7,6,23,75,72,9.01
D-0577,Standard,27.3,8,37,101,103,11.65
D-0578,VIP,29.6,9,40,112,124,12.24
D-0579,Standard,31.1,5,30,85,94,13.0
D-0580,Standard,27.1,6,38,86,96,11.69
D-0581,Standard,39.1,2,11,86,92,16.16
D-0582,Standard,29.0,5,39,83,83,12.09
D-0583,Standard,26.5,3,14,68,72,11.7
D-0584,VIP,19.9,2,13,54,56,9.35
D-0585,Standard,23.2,4,16,77,87,10.71
D-0586,Standard,32.4,6,42,95,109,13.85
D-0587,Standard,31.2,11,77,117,116,13.99
D-0588,Standard,15.3,4,16,54,60,7.88
D-0589,Standard,40.7,5,38,104,109,16.51
D-0590,Standard,23.8,5,38,69,75,10.43
D-0591,Low,22.3,5,36,71,81,9.55
D-0592,Standard,43.3,9,47,127,144,16.81
D-0593,Standard,44.0,12,38,160,159,17.52
D-0594,Standard,23.7,5,25,82,91,11.18
D-0595,Standard,26.7,6,35,84,94,11.6
D-0596,Standard,20.0,5,17,67,72,9.47
D-0597,Standard,39.2,6,27,101,109,14.86
D-0598,Standard,40.4,7,25,115,129,17.32
D-0599,VIP,26.0,6,28,87,87,10.85
D-0600,Standard,47.5,5,22,106,122,18.18
D-0601,Standard,40.6,6,24,111,116,16.58
D-0602,VIP,28.8,5,16,91,97,11.97
D-0603,Low,38.1,10,47,132,131,15.63
D-0604,Low,17.4,3,10,56,60,7.91
D-0605,Standard,27.5,7,56,102,108,11.65
D-0606,Standard,32.6,8,62,111,116,13.87
D-0607,Standard,29.9,7,44,100,93,10.56
D-0608,Standard,59.0,9,38,158,174,19.67
D-0609,Standard,33.2,7,44,97,95,13.81
D-0610,Low,33.9,10,66,130,134,12.49
D-0611,VIP,19.4,5,30,72,78,8.92
D-0612,Standard,28.2,7,47,96,98,12.61
D-0613,Low,23.2,4,20,74,74,9.54
D-0614,Low,65.1,12,76,176,194,25.06
D-0615,Standard,26.2,5,27,77,73,11.41
D-0616,Low,31.2,6,30,97,102,12.93
D-0617,Standard,44.8,12,76,154,159,15.29
D-0618,Standard,37.3,8,112,109,116,15.35
D-0619,VIP,18.8,6,44,75,75,8.45
D-0620,Standard,37.0,5,33,93,94,14.47
D-0621,Low,37.9,9,49,121,134,16.19
D-0622,VIP,28.3,8,38,97,111,11.36
D-0623,Low,35.0,10,41,128,128,13.67
D-0624,Low,31.1,9,70,114,125,11.97
D-0625,Standard,19.0,6,31,71,77,8.45
D-0626,Standard,24.9,6,26,87,99,10.86
D-0627,Standard,30.2,8,47,105,124,12.97
D-0628,Standard,24.7,5,27,79,84,10.74
D-0629,Standard,35.8,6,19,95,101,14.09
D-0630,Standard,41.8,12,57,141,144,16.34
D-0631,Standard,32.8,6,44,96,106,14.08
D-0632,Standard,26.5,10,64,107,116,10.93
D-0633,Standard,47.0,4,30,104,108,19.12
D-0634,VIP,31.4,10,56,122,123,12.29
D-0635,Standard,33.7,8,48,114,116,13.3
D-0636,Standard,23.3,5,25,76,70,10.91
D-0637,Standard,27.9,10,70,112,98,11.95
D-0638,Standard,41.7,7,37,107,109,16.43
D-0639,Standard,38.3,4,31,93,93,14.15
D-0640,Standard,28.2,2,13,64,69,12.3
D-0641,Standard,30.1,3,14,73,78,13.3
D-0642,Standard,32.0,3,10,81,82,13.1
D-0643,Standard,22.0,7,33,80,83,10.47
D-0644,Low,28.2,3,17,76,77,11.94
D-0645,Low,25.3,8,49,93,105,10.31
D-0646,Low,19.0,7,29,75,81,9.02
D-0647,Low,31.5,4,29,79,83,13.33
D-0648,Standard,28.6,8,38,97,109,12.43
D-0649,Standard,18.5,2,13,51,59,8.94
D-0650,Standard,23.1,8,30,103,115,10.32
D-0651,VIP,29.2,2,8,76,81,12.96
D-0652,Standard,11.6,1,5,34,36,6.9
D-0653,Standard,31.9,6,23,95,97,12.62
D-0654,Standard,32.8,5,37,97,102,12.94
D-0655,Standard,37.2,11,66,139,147,15.28
D-0656,Low,24.6,3,24,63,64,10.16
D-0657,Standard,18.8,3,20,61,65,8.84
D-0658,Low,36.9,9,43,123,131,14.46
D-0659,Standard,19.1,3,16,64,71,8.75
D-0660,Standard,35.9,8,45,127,133,15.6
D-0661,VIP,24.0,5,40,77,86,10.77
D-0662,Standard,21.5,7,42,90,101,9.53
D-0663,Low,33.1,4,28,86,81,12.53
D-0664,VIP,43.4,10,48,138,148,16.06
D-0665,Standard,28.5,5,31,81,82,12.36
D-0666,Standard,27.7,7,29,94,96,11.58
D-0667,Low,17.2,3,15,58,52,8.42
D-0668,Standard,39.5,10,41,127,146,15.5
D-0669,Standard,30.7,11,54,126,135,11.95
D-0670,Standard,27.4,7,34,96,102,11.98
D-0671,Standard,46.2,10,48,140,152,18.27
D-0672,VIP,17.9,5,16,79,87,8.96
D-0673,Low,25.4,6,34,91,96,10.69
D-0674,Standard,30.0,8,47,109,106,12.3
D-0675,Standard,27.2,8,55,106,109,11.94
D-0676,Standard,13.4,4,23,57,50,7.41
D-0677,Low,33.7,11,73,127,115,13.71
D-0678,Standard,29.7,10,72,119,121,12.85
D-0679,Standard,41.9,8,31,124,137,15.8
D-0680,Standard,58.8,13,85,182,177,20.96
D-0681,Standard,28.2,5,27,85,86,11.68
D-0682,Standard,34.1,4,26,86,91,14.08
D-0683,Standard,32.6,15,77,149,167,12.37
D-0684,Standard,31.7,3,10,72,79,12.2
D-0685,Standard,28.7,7,35,91,99,12.21
D-0686,Standard,34.1,7,32,111,116,13.58
D-0687,Low,43.5,15,64,167,169,13.94
D-0688,Standard,22.7,4,13,71,78,9.99
D-0689,VIP,56.2,10,40,153,189,20.71
D-0690,Standard,35.5,9,70,116,117,14.82
D-0691,Standard,33.2,10,38,124,137,13.43
D-0692,Low,14.3,5,25,64,69,7.62
D-0693,VIP,29.9,7,33,106,94,12.38
D-0694,Low,21.7,5,28,63,64,10.05
D-0695,Standard,36.3,8,43,115,112,14.56
D-0696,Low,41.1,11,59,141,154,15.17
D-0697,Standard,43.8,6,26,111,106,16.33
D-0698,Standard,28.4,6,19,94,103,11.77
D-0699,Standard,29.3,8,52,102,104,11.42
D-0700,Low,34.7,9,38,118,122,14.32
D-0701,Standard,15.0,2,12,55,64,7.79
D-0702,Standard,26.0,3,10,63,76,10.74
D-0703,Low,25.1,2,11,64,115,11.35
D-0704,Standard,35.6,5,22,93,89,14.17
D-0705,VIP,25.8,5,39,74,78,11.65
D-0706,Standard,38.3,14,98,155,178,14.99
D-0707,Standard,28.2,6,23,79,79,12.8
D-0708,Low,39.8,6,37,109,119,15.09
D-0709,Standard,62.4,13,49,176,180,23.76
D-0710,Standard,50.2,7,37,128,122,20.36
D-0711,Standard,41.0,8,32,117,126,16.12
D-0712,VIP,43.8,9,47,136,128,16.3
D-0713,Standard,26.6,4,13,76,74,11.51
D-0714,Standard,23.3,7,25,90,96,10.39
D-0715,Low,22.7,5,30,69,68,9.79
D-0716,Standard,32.0,7,36,108,115,13.89
D-0717,Standard,48.8,13,74,159,167,17.53
D-0718,Standard,23.6,6,46,90,97,10.58
D-0719,Standard,35.0,6,26,95,100,14.7
D-0720,Standard,19.9,7,24,89,108,9.67
D-0721,VIP,20.1,7,35,88,100,9.59
D-0722,Standard,39.8,12,56,149,160,16.56
D-0723,Standard,23.9,3,15,61,67,10.07
D-0724,Standard,23.7,6,20,81,86,10.04
D-0725,Standard,57.6,11,74,164,169,21.91
D-0726,Standard,30.7,8,30,109,116,12.89
D-0727,VIP,29.6,4,18,90,97,12.43
D-0728,Standard,27.8,5,18,83,84,11.53
D-0729,Low,34.4,11,67,129,130,13.47
D-0730,Standard,23.8,6,42,82,89,11.05
D-0731,Standard,30.6,5,31,94,95,13.01
D-0732,Standard,42.9,7,28,115,114,18.14
D-0733,VIP,27.0,3,10,67,66,11.27
D-0734,VIP,13.7,5,19,66,71,7.45
D-0735,VIP,24.2,4,14,71,73,11.13
D-0736,Standard,38.7,8,31,127,128,15.44
D-0737,Standard,43.4,10,70,137,154,16.16
D-0738,Standard,33.8,12,63,124,109,12.9
D-0739,Standard,48.1,13,44,160,148,18.84
D-0740,Standard,21.3,5,18,65,70,9.65
D-0741,Standard,45.8,9,51,134,139,17.02
D-0742,Standard,32.2,5,39,88,93,13.49
D-0743,Standard,37.5,4,29,91,101,14.49
D-0744,Standard,11.7,5,18,51,50,6.97
D-0745,Standard,40.3,6,38,110,116,15.3
D-0746,Standard,32.4,12,85,127,135,13.35
D-0747,Standard,56.3,9,61,160,157,21.45
D-0748,Low,31.9,4,17,91,90,13.69
D-0749,Standard,21.8,5,40,67,70,10.67
D-0750,Standard,23.0,4,17,71,79,9.88
D-0751,Standard,34.3,7,55,104,116,12.96
D-0752,Standard,33.2,4,20,89,95,13.9
D-0753,Standard,24.3,8,40,96,103,10.69
D-0754,Standard,21.1,5,33,75,78,9.52
D-0755,Low,49.5,10,63,141,136,17.99
D-0756,Standard,27.7,6,44,82,82,12.34
D-0757,Standard,29.3,4,31,71,67,12.96
D-0758,Standard,25.2,5,22,84,94,11.59
D-0759,Low,47.6,7,30,127,134,18.45
D-0760,VIP,43.3,6,43,115,111,18.35
D-0761,Low,21.4,4,16,67,74,9.72
D-0762,Standard,29.3,6,27,92,97,13.18
D-0763,Standard,22.1,6,42,77,82,9.51
D-0764,Low,55.3,8,59,145,166,20.25
D-0765,Low,34.7,5,20,89,100,13.84
D-0766,VIP,27.4,3,21,69,68,10.63
D-0767,Standard,26.8,8,46,99,108,12.49
D-0768,Standard,35.9,6,43,99,112,14.74
D-0769,Standard,27.7,5,19,79,91,11.96
D-0770,Standard,49.9,12,42,160,161,19.17
D-0771,Standard,22.1,6,43,81,87,10.22
D-0772,Standard,20.0,5,26,72,68,10.0
D-0773,Standard,47.8,11,41,150,164,19.64
D-0774,VIP,26.1,5,34,82,82,11.21
D-0775,Standard,47.9,9,67,136,133,18.4
D-0776,Standard,40.1,4,27,86,94,15.82
D-0777,Standard,19.2,2,7,54,52,9.33
D-0778,Standard,24.5,2,12,51,61,10.81
D-0779,Standard,30.5,5,33,91,99,12.94
D-0780,Standard,27.9,10,36,115,128,12.39
D-0781,Standard,33.2,4,31,81,79,14.23
D-0782,Standard,24.5,7,29,86,90,11.02
D-0783,VIP,29.2,4,25,78,99,12.22
D-0784,Standard,41.7,7,33,120,120,16.29
D-0785,Standard,46.6,13,101,164,180,17.96
D-0786,Standard,23.1,4,22,79,90,10.66
D-0787,Low,27.8,3,21,75,85,11.97
D-0788,Standard,28.8,6,19,86,98,12.89
D-0789,Standard,19.2,2,12,48,51,9.09
D-0790,Standard,40.9,10,46,143,148,15.42
D-0791,Standard,36.1,13,80,151,148,15.07
D-0792,Standard,35.6,4,20,90,104,13.3
D-0793,Standard,28.9,4,20,87,100,12.68
D-0794,Standard,40.0,4,21,90,92,15.72
D-0795,Standard,41.2,10,54,143,143,15.78
D-0796,Standard,44.0,9,61,134,141,16.58
D-0797,Standard,28.4,9,61,111,119,11.26
D-0798,Standard,33.7,5,21,91,93,12.6
D-0799,Standard,26.4,11,83,110,123,11.25
D-0800,Standard,27.0,6,46,90,91,11.91
D-0801,Standard,41.5,6,38,121,130,15.62
D-0802,Standard,30.5,7,56,98,98,13.28
D-0803,Standard,28.5,6,24,87,89,11.59
D-0804,VIP,36.6,9,70,119,120,15.01
D-0805,Standard,37.4,4,20,92,104,14.81
D-0806,VIP,23.4,8,29,90,85,10.16
D-0807,Standard,24.2,6,31,87,96,10.18
D-0808,Standard,37.9,9,63,119,130,15.86
D-0809,Low,35.7,12,72,144,153,14.3
D-0810,Low,28.0,7,55,89,95,10.97
D-0811,Standard,44.5,9,53,137,150,16.79
D-0812,VIP,29.0,4,26,76,87,11.61
D-0813,Standard,15.9,3,21,55,64,7.96
D-0814,Low,23.1,4,26,72,64,10.94
D-0815,Standard,18.4,3,13,57,56,9.16
D-0816,Standard,43.8,9,53,130,144,17.36
D-0817,Standard,35.4,2,15,83,90,14.09
D-0818,Standard,31.2,9,43,108,116,13.45
D-0819,Standard,14.0,1,4,45,48,7.66
D-0820,Standard,18.4,4,13,52,56,9.2
D-0821,VIP,28.5,4,14,80,80,11.48
D-0822,Standard,16.7,3,12,48,53,8.45
D-0823,VIP,40.9,6,20,109,117,16.95
D-0824,Standard,29.0,5,28,78,85,11.59
D-0825,Low,28.6,8,51,98,98,12.19
D-0826,Low,29.4,7,35,93,105,12.13
D-0827,Standard,21.9,7,46,84,96,9.77
D-0828,Standard,21.3,6,42,70,71,9.64
D-0829,Low,16.0,2,8,49,56,7.92
D-0830,Standard,30.2,6,38,91,96,12.26
D-0831,VIP,34.3,5,18,91,100,13.96
D-0832,Standard,27.7,5,25,85,91,12.11
D-0833,Standard,27.3,5,34,77,83,11.49
D-0834,Standard,22.0,3,14,63,64,10.05
D-0835,Standard,32.6,6,28,98,102,12.26
D-0836,Standard,13.4,2,10,49,51,7.55
D-0837,Standard,20.8,5,38,77,85,9.62
D-0838,Standard,24.1,4,25,71,73,10.42
D-0839,Standard,25.4,4,25,76,74,9.78
D-0840,Standard,32.2,4,28,86,85,13.62
D-0841,Standard,28.2,6,40,91,99,11.45
D-0842,Standard,31.6,7,46,92,100,13.7
D-0843,Low,45.3,7,42,117,112,16.64
D-0844,Standard,47.2,11,46,150,157,16.35
D-0845,Standard,37.1,9,65,118,105,15.44
D-0846,Standard,45.3,11,40,143,157,17.57
D-0847,Low,53.1,9,63,142,169,17.58
D-0848,Standard,33.9,6,22,95,107,14.92
D-0849,Standard,18.9,6,32,77,86,8.7
D-0850,Low,41.8,8,30,130,137,14.2
D-0851,Standard,21.6,4,27,71,67,10.73
D-0852,Standard,55.5,13,81,179,202,19.67
D-0853,Standard,53.0,2,15,98,107,18.52
D-0854,Standard,25.3,5,22,89,91,11.04
D-0855,Standard,20.9,3,18,64,32,9.74
D-0856,Standard,23.9,4,17,66,63,10.29
D-0857,Standard,29.4,6,31,90,92,12.75
D-0858,VIP,45.8,4,23,109,115,17.72
D-0859,Standard,20.0,3,23,57,58,10.11
D-0860,Standard,40.1,6,21,103,104,15.93
D-0861,Standard,15.2,4,19,53,55,7.65
D-0862,Standard,44.8,8,29,126,139,17.96
D-0863,Standard,29.4,6,28,98,105,12.47
D-0864,Standard,32.0,9,27,113,113,13.24
D-0865,Standard,29.0,6,23,90,92,12.12
D-0866,Standard,40.9,7,55,121,126,17.15
D-0867,Standard,33.9,6,22,98,108,14.38
D-0868,Standard,52.4,10,31,152,154,19.78
D-0869,Standard,16.7,4,22,59,74,8.35
D-0870,Standard,22.3,3,22,54,55,9.72
D-0871,Low,19.2,3,16,61,59,8.67
D-0872,Standard,38.0,7,52,107,110,14.53
D-0873,Standard,17.2,3,17,62,65,8.44
D-0874,Standard,66.9,19,88,220,246,23.57
D-0875,VIP,30.9,7,49,94,101,12.82
D-0876,Standard,44.9,9,42,138,146,18.62
D-0877,Standard,21.8,7,22,90,88,8.9
D-0878,VIP,32.0,5,25,87,87,12.66
D-0879,Standard,36.9,6,25,100,109,14.45
D-0880,Standard,23.8,6,21,80,91,10.36
D-0881,Standard,27.8,6,24,93,86,11.97
D-0882,Standard,50.2,5,17,119,121,19.26
D-0883,VIP,45.6,5,22,116,124,17.71
D-0884,VIP,36.3,7,40,108,114,14.45
D-0885,Low,57.5,11,69,163,164,23.42
D-0886,Low,15.8,3,23,49,52,7.71
D-0887,Standard,33.0,6,21,94,88,12.75
D-0888,VIP,26.5,9,38,107,108,11.85
D-0889,Standard,48.0,6,30,115,140,18.28
D-0890,Standard,43.3,8,61,120,109,16.14
D-0891,Standard,44.1,6,26,115,115,17.22
D-0892,Low,24.6,5,27,78,85,10.85
D-0893,Standard,36.1,11,45,130,147,13.81
D-0894,VIP,42.8,8,63,121,146,16.43
D-0895,Standard,46.0,4,25,100,116,18.15
D-0896,Standard,22.1,5,28,73,83,9.85
D-0897,Standard,23.9,3,15,64,63,11.45
D-0898,Low,32.5,9,67,120,143,12.6
D-0899,Low,47.5,10,80,146,162,17.3
D-0900,Low,36.8,4,27,87,86,15.46
D-0901,Standard,47.2,17,101,181,182,18.55
D-0902,Standard,15.8,4,31,61,70,7.88
D-0903,Standard,27.4,4,32,77,80,12.24
D-0904,Standard,35.4,13,47,149,160,13.71
D-0905,Standard,32.8,4,29,80,76,13.96
D-0906,Standard,16.1,2,13,50,50,8.01
D-0907,Standard,43.1,15,104,160,177,15.93
D-0908,Standard,33.6,10,58,126,131,12.58
D-0909,Standard,25.7,4,31,76,70,11.35
D-0910,Standard,44.5,6,37,119,115,16.38
D-0911,Standard,17.0,4,23,61,63,9.18
D-0912,Standard,25.3,7,50,95,94,11.45
D-0913,Standard,40.2,11,36,139,140,15.56
D-0914,Standard,34.0,7,34,105,110,13.39
D-0915,Standard,27.9,7,48,102,107,12.85
D-0916,Standard,28.5,4,13,85,98,12.78
D-0917,Standard,27.8,6,26,96,109,12.16
D-0918,Standard,39.9,7,38,117,132,15.0
D-0919,Standard,27.1,3,21,70,70,11.91
D-0920,VIP,37.5,6,38,100,108,13.79
D-0921,Low,15.1,5,35,63,64,7.68
D-0922,Low,45.0,5,40,104,122,18.53
D-0923,VIP,67.1,15,91,199,198,23.36
D-0924,VIP,35.4,13,81,144,150,13.43
D-0925,Standard,29.2,6,26,91,100,11.76
D-0926,Standard,25.1,5,37,80,83,10.21
D-0927,Standard,37.8,4,12,94,91,14.89
D-0928,Standard,24.2,3,19,73,73,10.42
D-0929,Standard,22.9,5,17,75,89,10.58
D-0930,VIP,14.9,1,6,32,35,8.06
D-0931,VIP,32.5,5,35,92,100,12.55
D-0932,Standard,27.3,9,70,110,123,12.0
D-0933,Standard,27.8,5,23,87,96,13.17
D-0934,Standard,30.0,9,61,123,113,12.37
D-0935,Standard,23.7,6,20,77,83,10.82
D-0936,Standard,31.9,7,51,98,92,13.55
D-0937,Standard,21.0,3,23,63,72,9.53
D-0938,Standard,28.9,4,30,82,90,11.44
D-0939,Standard,27.3,7,45,98,100,11.58
D-0940,Standard,17.1,4,22,69,72,7.84
D-0941,Standard,20.1,3,13,57,54,9.54
D-0942,Standard,24.7,3,13,72,68,10.55
D-0943,Standard,24.9,9,37,104,109,11.14
D-0944,Standard,32.7,5,22,99,113,13.15
D-0945,Standard,26.2,1,5,55,52,11.28
D-0946,Standard,29.5,7,47,98,105,12.39
D-0947,Standard,26.2,4,27,74,78,10.9
D-0948,Standard,12.8,2,14,40,43,6.96
D-0949,Standard,28.8,4,26,86,95,11.35
D-0950,Low,22.7,3,20,67,75,10.36
D-0951,Standard,28.5,3,18,79,85,12.63
D-0952,Standard,23.3,4,18,78,82,10.98
D-0953,Standard,37.2,11,72,133,146,14.02
D-0954,VIP,29.5,9,71,114,119,12.33
D-0955,Standard,37.9,7,51,117,131,15.67
D-0956,Standard,38.8,9,40,129,139,15.27
D-0957,Standard,24.9,3,19,75,71,11.34
D-0958,VIP,39.3,5,21,104,107,16.05
D-0959,Standard,32.4,6,28,88,101,13.45
D-0960,Standard,21.2,4,23,75,79,9.65
D-0961,Standard,28.9,8,64,93,99,12.67
D-0962,Standard,30.9,3,23,81,81,12.6
D-0963,Standard,45.6,8,24,135,142,16.95
D-0964,Standard,26.7,5,37,76,82,11.55
D-0965,Standard,50.4,8,62,129,134,19.14
D-0966,Low,38.7,7,49,115,129,14.79
D-0967,Standard,14.9,3,13,57,57,8.05
D-0968,Standard,21.3,9,54,99,108,9.0
D-0969,Standard,36.4,5,31,91,99,15.2
D-0970,Standard,18.6,3,18,67,70,9.25
D-0971,Standard,35.1,6,24,104,106,14.69
D-0972,Standard,47.3,8,38,124,129,18.98
D-0973,Standard,27.5,7,50,100,108,11.79
D-0974,Standard,47.7,3,13,89,97,17.6
D-0975,Standard,46.4,9,36,139,170,20.13
D-0976,Standard,29.4,2,8,59,62,13.37
D-0977,Standard,29.7,6,40,96,109,12.5
D-0978,Standard,31.8,6,47,98,104,13.09
D-0979,Standard,34.7,6,24,107,126,14.04
D-0980,VIP,17.9,2,10,53,58,8.75
D-0981,VIP,28.6,2,9,65,67,13.38
D-0982,Standard,17.3,5,21,62,67,8.76
D-0983,Standard,26.8,6,18,84,98,11.16
D-0984,VIP,27.9,4,30,83,85,11.7
D-0985,Standard,16.5,1,5,44,47,8.26
D-0986,Low,19.8,5,33,75,87,8.92
D-0987,Standard,26.3,9,68,107,113,11.16
D-0988,Standard,61.2,18,94,207,199,22.87
D-0989,Standard,19.0,4,14,66,66,8.86
D-0990,Standard,31.3,4,31,81,83,11.94
D-0991,Standard,22.3,5,38,66,69,10.73
D-0992,Low,26.5,7,25,98,108,11.25
D-0993,Standard,41.5,8,39,120,122,16.9
D-0994,VIP,33.2,7,50,103,108,13.02
D-0995,Standard,34.5,13,49,145,142,14.53
D-0996,Low,35.3,5,27,94,97,14.2
D-0997,Standard,36.3,8,47,114,126,14.32
D-0998,Standard,14.7,6,27,79,93,7.82
D-0999,VIP,34.1,7,50,107,96,13.34
D-1000,Low,29.2,9,53,115,110,12.89
