Machine,Importance,Room temp (°C),Machine temp (°C),Speed (rpm),Torque (Nm),Tool wear (min)
Press 1,Standard,28.2,37.6,1376,50.6,25
Press 2,Spare,29.8,39.2,1383,51.4,160
Press 3,Standard,26.8,36.1,1560,38.9,180
Press 4,Standard,28.9,37.9,1566,37.8,218
Press 5,Standard,25.8,36.9,1564,33.8,183
Press 6,Standard,25.2,36.2,1694,30.9,111
Press 7,Standard,24.2,34.9,1598,29.4,148
Press 8,Standard,27.1,38.6,1553,41.3,44
Press 9,Standard,27.2,38.0,1388,49.4,128
Press 10,Spare,27.6,38.0,1438,46.6,103
Press 11,Standard,29.2,38.8,1434,51.9,173
Press 12,Spare,25.7,35.8,1461,47.9,206
Press 13,Standard,27.5,37.4,1519,37.0,91
Press 14,Standard,25.4,35.0,1662,28.6,48
Press 15,Standard,25.5,36.9,1522,40.3,32
Press 16,Standard,30.7,39.5,1527,41.9,159
Press 17,Standard,28.4,37.4,1389,54.9,187
Press 18,Standard,27.4,37.6,1488,39.4,159
Press 19,Standard,27.7,37.8,1732,25.7,109
Press 20,Standard,24.2,35.6,1510,36.2,92
Press 21,Standard,27.9,39.0,1664,28.4,168
Press 22,Standard,27.5,36.9,1397,55.2,90
Press 23,Standard,26.2,37.7,1585,31.4,149
Press 24,Standard,27.7,37.8,1557,31.6,52
Press 25,Standard,27.2,36.7,1517,40.3,149
Press 26,Standard,28.0,38.0,1470,40.6,159
Press 27,Spare,26.9,38.4,1591,32.0,79
Press 28,Standard,30.6,39.6,1564,40.2,150
Press 29,Spare,24.6,35.6,1249,60.4,143
Press 30,Standard,30.5,39.7,1825,25.2,29
Press 31,Standard,25.0,34.6,1289,48.3,42
Press 32,Standard,27.6,38.1,1486,46.8,56
Press 33,Standard,27.4,36.8,1443,48.3,122
Press 34,Standard,27.5,37.4,1642,29.9,100
Press 35,Standard,27.4,38.9,1375,43.2,108
Press 36,Critical,26.6,38.0,1574,36.4,135
Press 37,Standard,27.9,38.1,1467,45.4,36
Press 38,Standard,31.0,40.5,1556,37.4,129
Press 39,Standard,25.4,36.4,1547,33.1,68
Press 40,Standard,22.4,32.9,1621,29.5,176
Press 41,Spare,24.7,34.2,1555,35.8,190
Press 42,Standard,26.95,37.05,2700,9.0,60
Press 43,Standard,31.0,40.4,1428,39.9,88
Press 44,Standard,27.0,36.5,1501,38.0,157
Press 45,Standard,27.6,36.6,1507,52.4,163
Press 46,Standard,25.2,36.2,1816,22.6,138
Press 47,Standard,24.9,34.6,1529,34.1,11
Press 48,Standard,29.7,39.2,1432,49.0,218
Press 49,Standard,25.4,35.2,1334,49.8,186
Press 50,Spare,25.5,36.4,1684,27.8,44
Press 51,Standard,27.1,36.6,1413,43.0,137
Press 52,Standard,27.4,38.6,2141,17.2,196
Press 53,Standard,30.0,39.4,1766,26.7,157
Press 54,Standard,27.0,38.2,1572,36.2,199
Press 55,Standard,24.9,35.2,1405,56.2,218
Press 56,Standard,29.5,37.9,1506,37.2,95
Press 57,Spare,24.9,34.5,1569,35.6,173
Press 58,Standard,24.9,34.7,1588,35.4,114
Press 59,Standard,27.6,37.7,1689,28.9,100
Press 60,Standard,25.0,35.2,1592,38.2,211
Press 61,Standard,24.4,35.6,1546,38.0,123
Press 62,Standard,24.4,35.5,1671,29.4,136
Press 63,Critical,25.4,36.2,1521,37.5,94
Press 64,Standard,30.1,38.1,1439,43.9,30
Press 65,Standard,30.7,39.8,1367,49.9,192
Press 66,Spare,28.8,37.5,1467,39.3,32
Press 67,Standard,25.4,36.4,1569,41.0,153
Press 68,Critical,29.0,37.8,1658,30.3,186
Press 69,Standard,27.8,37.8,1615,32.0,183
Press 70,Standard,27.2,38.2,1526,38.5,101
Press 71,Critical,24.2,35.6,1587,35.8,148
Press 72,Standard,25.9,35.6,2250,16.6,208
Press 73,Standard,31.4,40.6,1670,32.9,7
Press 74,Standard,30.6,39.2,1642,32.3,206
Press 75,Spare,25.9,36.4,1861,23.3,73
Press 76,Standard,24.1,35.4,1524,41.4,192
Press 77,Spare,29.5,37.8,1331,52.0,154
Press 78,Standard,24.7,36.2,2015,20.1,161
Press 79,Standard,31.0,40.2,1680,29.3,158
Press 80,Standard,24.1,35.5,1392,41.5,108
Press 81,Standard,27.7,38.6,1490,46.4,217
Press 82,Standard,30.8,40.0,1483,47.2,71
Press 83,Standard,29.5,38.5,1453,37.0,135
Press 84,Standard,24.8,35.5,2262,15.7,125
Press 85,Standard,25.2,37.0,1509,37.6,85
Press 86,Spare,26.7,38.0,1562,35.7,170
Press 87,Standard,27.6,37.5,1654,34.2,89
Press 88,Standard,28.7,37.2,1482,41.4,63
Press 89,Standard,26.7,36.6,1910,21.8,141
Press 90,Standard,25.6,37.2,1451,40.0,86
Press 91,Critical,24.2,35.7,1529,41.3,165
Press 92,Standard,22.6,33.2,1462,44.3,37
Press 93,Standard,24.2,35.4,1410,43.9,47
Press 94,Standard,28.9,37.0,1361,45.4,174
Press 95,Standard,24.7,35.9,1340,56.9,6
Press 96,Standard,27.9,38.5,1454,40.0,140
Press 97,Standard,24.0,35.0,1506,37.7,210
Press 98,Standard,27.1,36.6,1408,44.0,144
Press 99,Standard,24.0,35.2,1583,38.2,150
Press 100,Standard,30.9,39.9,1541,45.9,64
Press 101,Standard,24.9,35.0,1819,23.4,78
Press 102,Standard,30.6,39.8,1566,32.6,9
Press 103,Standard,30.2,38.7,1693,28.3,175
Press 104,Standard,25.7,36.8,1320,47.4,210
Press 105,Standard,27.6,36.4,1733,26.7,108
Press 106,Standard,28.4,36.9,1417,44.6,49
Press 107,Standard,28.2,37.2,2203,16.6,169
Press 108,Standard,24.8,35.4,1519,34.3,61
Press 109,Standard,28.6,37.7,1502,34.4,157
Press 110,Standard,24.7,35.8,1506,33.5,26
Press 111,Critical,25.0,35.1,1736,26.8,27
Press 112,Standard,22.9,33.5,1628,36.8,121
Press 113,Spare,27.4,37.2,1702,33.1,71
Press 114,Standard,25.9,37.2,1520,45.0,171
Press 115,Spare,27.8,37.9,1382,51.2,136
Press 116,Standard,30.4,39.7,1404,55.8,84
Press 117,Standard,26.9,36.2,1558,29.7,168
Press 118,Standard,25.6,36.8,1404,47.1,64
Press 119,Critical,26.85,36.85,1400,60.0,225
Press 120,Standard,27.7,38.2,1462,41.4,75
Press 121,Critical,28.8,37.2,1884,23.4,163
Press 122,Standard,25.9,37.2,1658,27.6,69
Press 123,Spare,25.9,37.0,1664,29.7,89
Press 124,Standard,24.2,35.2,1519,37.7,45
Press 125,Critical,30.2,38.7,1536,40.6,205
Press 126,Critical,23.1,34.1,1382,52.0,201
Press 127,Standard,24.5,36.5,1419,48.2,215
Press 128,Critical,27.6,38.0,1440,43.0,148
Press 129,Standard,23.7,34.7,1480,39.4,122
Press 130,Spare,27.2,38.2,1506,40.7,98
Press 131,Standard,27.1,38.7,1379,51.0,46
Press 132,Critical,28.2,37.2,1384,50.1,88
Press 133,Critical,27.8,37.9,1316,56.5,120
Press 134,Standard,29.1,37.5,1462,43.6,0
Press 135,Standard,29.9,38.1,1755,30.4,205
Press 136,Standard,28.2,37.5,1481,37.6,77
Press 137,Standard,24.9,34.7,1386,57.3,147
Press 138,Standard,24.7,35.7,1621,36.1,68
Press 139,Standard,27.1,36.7,1430,55.0,102
Press 140,Standard,25.2,36.4,1519,35.4,133
Press 141,Spare,24.6,36.1,1732,28.8,152
Press 142,Standard,27.9,38.1,1363,46.3,62
Press 143,Critical,25.2,34.8,1435,39.9,143
Press 144,Spare,23.2,34.0,1662,32.9,190
Press 145,Standard,27.6,37.0,1483,40.2,162
Press 146,Standard,25.5,37.0,1721,27.2,5
Press 147,Standard,29.2,37.8,1469,39.6,86
Press 148,Critical,28.1,36.9,1445,45.6,18
Press 149,Critical,24.2,35.1,1471,46.5,25
Press 150,Standard,24.1,35.5,1864,23.6,103
Press 151,Standard,23.1,34.0,1413,53.4,203
Press 152,Standard,27.7,37.2,1368,46.8,21
Press 153,Standard,27.7,36.6,1680,28.2,189
Press 154,Spare,24.9,35.7,1496,44.9,179
Press 155,Standard,25.1,34.5,1492,37.2,178
Press 156,Standard,27.8,37.6,1427,44.1,141
Press 157,Standard,27.2,36.1,1398,54.4,198
Press 158,Standard,27.2,38.1,1472,37.3,187
Press 159,Standard,24.1,34.8,1493,38.4,146
Press 160,Standard,26.2,36.0,1645,28.6,57
Press 161,Standard,28.4,38.0,1660,33.8,115
Press 162,Standard,30.0,38.2,2056,19.7,167
Press 163,Standard,24.8,34.9,1800,24.8,44
Press 164,Critical,28.9,37.9,1865,22.7,48
Press 165,Standard,28.2,37.2,1639,32.7,171
Press 166,Standard,27.6,37.2,1592,36.0,14
Press 167,Spare,27.5,38.2,1531,38.5,0
Press 168,Standard,27.7,37.6,1886,21.1,44
Press 169,Standard,26.6,37.9,1983,21.0,201
Press 170,Standard,22.7,33.2,1337,54.6,87
Press 171,Standard,27.7,38.6,1655,32.2,12
Press 172,Standard,30.6,39.9,1457,44.1,40
Press 173,Standard,23.4,34.5,1415,44.2,106
Press 174,Standard,26.9,36.2,1308,50.2,32
Press 175,Standard,25.1,35.1,1407,47.1,153
Press 176,Standard,30.2,38.7,1316,50.9,69
Press 177,Standard,24.4,35.5,1437,43.3,34
Press 178,Standard,24.7,34.2,1488,36.1,57
Press 179,Critical,24.2,35.6,1467,36.8,216
Press 180,Critical,29.9,38.0,1980,20.2,137
Press 181,Standard,24.7,34.8,1802,25.8,43
Press 182,Spare,25.0,35.4,1463,45.9,3
Press 183,Standard,24.5,35.7,1385,44.4,181
Press 184,Standard,25.6,35.2,1441,43.2,132
Press 185,Standard,25.7,36.6,1374,58.6,123
Press 186,Spare,26.6,36.1,1597,32.9,135
Press 187,Standard,24.9,35.5,1610,33.1,56
Press 188,Standard,29.6,37.4,1563,35.0,8
Press 189,Standard,29.7,39.1,1469,36.9,143
Press 190,Standard,26.0,35.5,1408,46.7,196
Press 191,Standard,28.1,37.7,1392,52.6,23
Press 192,Standard,28.2,37.0,1502,46.6,37
Press 193,Standard,25.6,37.0,1433,54.6,66
Press 194,Standard,26.2,37.4,1281,59.8,15
Press 195,Spare,28.9,37.8,1564,39.0,15
Press 196,Spare,25.1,34.7,1515,46.7,74
Press 197,Standard,29.1,38.0,1640,32.8,77
Press 198,Standard,28.0,38.0,1508,41.5,184
Press 199,Standard,23.2,34.2,2077,19.1,80
Press 200,Critical,30.7,39.4,1523,47.0,152
Press 201,Standard,30.4,39.7,1877,22.3,96
Press 202,Standard,24.0,35.4,1712,32.1,48
Press 203,Spare,29.9,38.1,1460,43.9,103
Press 204,Standard,25.2,35.1,1499,40.0,211
Press 205,Standard,29.2,38.9,1457,45.5,206
Press 206,Spare,26.6,38.0,1649,32.7,185
Press 207,Standard,27.4,38.4,1302,49.6,80
Press 208,Spare,25.7,36.6,1480,38.1,157
Press 209,Standard,25.1,34.8,1551,36.0,186
Press 210,Critical,25.2,35.4,1741,32.8,112
Press 211,Standard,25.0,35.4,1498,49.4,5
Press 212,Standard,25.1,35.5,1433,39.5,7
Press 213,Spare,27.6,37.6,1428,43.4,26
Press 214,Standard,25.8,36.9,1559,33.4,58
Press 215,Standard,29.4,38.8,1481,42.9,52
Press 216,Standard,24.1,35.2,1569,31.2,63
Press 217,Standard,23.8,34.8,1441,47.6,60
Press 218,Spare,26.6,36.5,1399,51.3,144
Press 219,Standard,26.7,36.0,1355,56.7,7
Press 220,Standard,28.9,37.4,1635,39.8,99
Press 221,Standard,26.1,37.5,1370,61.9,42
Press 222,Standard,27.6,37.5,1505,40.6,179
Press 223,Standard,25.4,36.2,1551,34.7,121
Press 224,Standard,26.7,37.2,1524,34.2,196
Press 225,Standard,26.4,35.9,1701,28.6,98
Press 226,Standard,28.0,37.5,1388,58.5,68
Press 227,Standard,28.9,37.4,1459,43.2,148
Press 228,Standard,25.6,36.8,1371,51.3,201
Press 229,Standard,30.5,39.2,1388,41.9,221
Press 230,Spare,25.6,36.5,1516,38.5,61
Press 231,Standard,29.5,36.0,1400,45.0,100
Press 232,Critical,31.1,40.4,1546,41.4,58
Press 233,Spare,27.4,37.4,2633,12.2,17
Press 234,Standard,24.2,35.0,1554,42.4,158
Press 235,Standard,25.8,35.6,1356,50.7,185
Press 236,Standard,25.7,36.9,1537,39.9,190
Press 237,Critical,27.6,36.9,1395,48.0,85
Press 238,Standard,28.1,37.7,1711,28.9,38
Press 239,Critical,28.6,37.6,1542,40.0,188
Press 240,Standard,29.6,38.4,1556,35.0,164
Press 241,Standard,25.2,36.1,1399,45.2,125
Press 242,Standard,27.7,37.1,1514,40.0,155
Press 243,Standard,24.1,35.5,1284,51.3,32
Press 244,Standard,25.5,36.5,1397,54.1,47
Press 245,Standard,27.4,37.4,1452,42.9,29
Press 246,Standard,27.6,36.4,1393,43.9,81
Press 247,Standard,29.2,38.7,1476,46.6,110
Press 248,Standard,29.1,37.7,1397,47.6,11
Press 249,Standard,25.5,36.2,1316,51.4,52
Press 250,Standard,27.9,38.2,1484,36.2,188
Press 251,Critical,24.7,35.2,1518,32.5,190
Press 252,Spare,28.1,37.8,1460,46.7,166
Press 253,Standard,28.4,37.4,1556,39.1,48
Press 254,Standard,24.8,36.0,1543,36.6,20
Press 255,Standard,24.8,34.6,1567,34.7,74
Press 256,Standard,23.9,34.7,1500,39.9,175
Press 257,Standard,27.9,37.4,1378,44.4,83
Press 258,Standard,25.9,35.5,1434,45.9,108
Press 259,Standard,28.6,37.5,1691,27.7,105
Press 260,Spare,28.2,37.6,1706,27.9,170
Press 261,Spare,28.9,37.5,1366,47.7,206
Press 262,Standard,24.7,34.2,1327,61.0,186
Press 263,Standard,30.2,38.7,1315,62.0,42
Press 264,Spare,25.9,36.0,1592,35.0,200
Press 265,Standard,25.4,36.2,1364,44.5,162
Press 266,Standard,28.2,37.9,1470,40.6,86
Press 267,Critical,27.1,38.2,1570,35.3,138
Press 268,Standard,28.7,38.2,1471,44.2,148
Press 269,Standard,30.2,39.1,1457,40.7,48
Press 270,Standard,29.5,39.1,1695,27.1,32
Press 271,Standard,25.5,36.4,1568,36.7,182
Press 272,Standard,23.7,34.8,1337,56.5,5
Press 273,Standard,24.5,35.5,1553,40.5,135
Press 274,Standard,24.5,35.2,1816,28.8,106
Press 275,Standard,27.6,38.0,1688,30.7,161
Press 276,Spare,29.4,37.2,1487,40.2,48
Press 277,Spare,24.9,34.9,1620,29.4,75
Press 278,Spare,27.2,38.4,1596,32.5,154
Press 279,Standard,22.5,33.1,1414,42.5,69
Press 280,Standard,27.5,37.1,1478,40.1,5
Press 281,Standard,27.9,37.2,1517,46.1,145
Press 282,Standard,25.4,36.2,1578,36.3,71
Press 283,Standard,26.2,37.8,1826,25.1,2
Press 284,Standard,25.1,34.7,1528,31.1,194
Press 285,Standard,25.9,37.2,1472,36.1,97
Press 286,Standard,25.8,35.5,1574,33.5,128
Press 287,Standard,30.9,39.9,1377,56.0,61
Press 288,Standard,23.7,35.0,1492,43.7,222
Press 289,Spare,24.2,35.1,1754,26.8,125
Press 290,Standard,29.5,37.7,1486,36.4,160
Press 291,Spare,25.8,36.7,1534,42.1,23
Press 292,Standard,27.2,38.2,1552,28.8,135
Press 293,Standard,27.2,38.0,1480,46.6,185
Press 294,Standard,27.8,37.6,1523,35.8,205
Press 295,Critical,25.1,35.8,1592,35.2,142
Press 296,Standard,24.2,36.1,1428,38.8,26
Press 297,Spare,27.5,38.6,1535,33.3,92
Press 298,Standard,25.5,35.1,1361,68.2,172
Press 299,Standard,24.5,36.5,1330,53.1,7
Press 300,Standard,27.5,38.6,1528,43.9,185
